{"cameraMode":{"drawMode":0,"name":"Shaded","section":"Shading Mode"},"sceneLighting":true,"audioPlay":false,"sceneViewState":{"showFog":true,"showMaterialUpdate":false,"showSkybox":true,"showFlares":true,"showImageEffects":true,"showParticleSystems":true},"in2DMode":false,"pivot":{"x":622.1514892578125,"y":290.8367614746094,"z":0.0},"rotation":{"x":-0.12596789002418519,"y":-0.009823717176914215,"z":0.0012474122922867537,"w":-0.9919849038124085},"size":288.6128845214844,"orthographic":false}